{
  "n_problems": 30,
  "n_tokens_total": 7680,
  "jsd_teacher_full_vs_student": {
    "mean": 0.02743433602154255,
    "std": 0.0899209976196289
  },
  "jsd_teacher_answer_vs_student": {
    "mean": 0.005171326454728842,
    "std": 0.03706381842494011
  },
  "jsd_teacher_full_vs_teacher_answer": {
    "mean": 0.024893585592508316,
    "std": 0.08260303735733032
  },
  "style_fraction": 0.9073879379825656,
  "teacher_lower_entropy_fraction": 0.3157552083333333,
  "per_problem_style_fractions": [
    0.8213988662409498,
    0.7573162370945846,
    0.9570827293268075,
    0.996221480283185,
    0.9280638487548656,
    0.7670474470986275,
    0.8687778104002943,
    0.9582819543221291,
    0.6396560528000774,
    0.7179711982107748,
    0.8543192817406337,
    0.84531709745728,
    1.0839529967570023,
    1.0611196770279552,
    0.7330928854840474,
    0.9416507458991518,
    0.9805042686653913,
    0.871175927488764,
    0.9517400952625615,
    0.957330157385409,
    0.5168516203341901,
    0.7826421874814644,
    0.8584208232428818,
    1.0051937837467222,
    0.8185509394316909,
    1.2820392091056332,
    0.935770099831683,
    0.7003818758683693,
    1.0512595941714618,
    0.8932302544813786
  ]
}