{
  "n_problems": 30,
  "n_tokens_total": 7680,
  "jsd_teacher_full_vs_student": {
    "mean": 0.023866260424256325,
    "std": 0.08393681049346924
  },
  "jsd_teacher_answer_vs_student": {
    "mean": 0.0025122524239122868,
    "std": 0.026452502235770226
  },
  "jsd_teacher_full_vs_teacher_answer": {
    "mean": 0.022793710231781006,
    "std": 0.08140561729669571
  },
  "style_fraction": 0.9550599811864434,
  "teacher_lower_entropy_fraction": 0.3375,
  "per_problem_style_fractions": [
    1.0593124861117886,
    1.0945213654235788,
    0.7639415915626878,
    0.8938516559574599,
    1.1135968505985614,
    0.9293215122830905,
    1.0182309511213221,
    0.8680532595286186,
    1.0269028055933833,
    0.7841242943915706,
    0.985881949177223,
    0.9179711407097386,
    1.095464062063859,
    1.012160735310388,
    0.8768468372101316,
    1.169503623781458,
    0.9139209594921797,
    0.810283918000148,
    1.0272549024023387,
    0.9749095299689509,
    0.74646404596355,
    1.0834833063023994,
    0.8747197739610936,
    1.0051677026476173,
    0.9402774596746161,
    0.9108269340806813,
    0.9006753865386103,
    1.113874453739476,
    0.9718041126570138,
    1.0114605886295078
  ]
}