{
  "n_problems": 30,
  "n_tokens_total": 7680,
  "jsd_teacher_full_vs_student": {
    "mean": 0.027366450056433678,
    "std": 0.08620727062225342
  },
  "jsd_teacher_answer_vs_student": {
    "mean": 0.003162357723340392,
    "std": 0.03068508766591549
  },
  "jsd_teacher_full_vs_teacher_answer": {
    "mean": 0.026532065123319626,
    "std": 0.08510363101959229
  },
  "style_fraction": 0.9695106624573729,
  "teacher_lower_entropy_fraction": 0.32447916666666665,
  "per_problem_style_fractions": [
    1.0218709028753736,
    0.966767675727956,
    0.9383793736296536,
    1.0294348114363787,
    0.9554719158042915,
    1.0034591038505127,
    1.0233872658931333,
    1.0179930891043347,
    0.8110314319296139,
    0.869088832812566,
    0.9545644683025201,
    0.987633151763218,
    0.8652757231118374,
    1.0226231510837593,
    0.9867670564474518,
    0.7984725325895005,
    0.9829996418112045,
    0.9955086046219268,
    1.0340595148331637,
    0.9902942789317465,
    0.977054725296979,
    0.8922722365444833,
    0.921750965666155,
    0.9914666934342076,
    0.9682182706174571,
    1.1012042401347477,
    0.8387375971362118,
    1.018993679556022,
    0.8494959459953373,
    1.0859130593477806
  ]
}