{
  "n_problems": 30,
  "n_tokens_total": 7680,
  "jsd_teacher_full_vs_student": {
    "mean": 0.039509836584329605,
    "std": 0.10850870609283447
  },
  "jsd_teacher_answer_vs_student": {
    "mean": 0.0025273323990404606,
    "std": 0.025543980300426483
  },
  "jsd_teacher_full_vs_teacher_answer": {
    "mean": 0.038878656923770905,
    "std": 0.10751918703317642
  },
  "style_fraction": 0.9840247463638198,
  "teacher_lower_entropy_fraction": 0.28411458333333334,
  "per_problem_style_fractions": [
    0.9736174243721778,
    0.9569576592574719,
    0.9192185823011287,
    1.0090423914201594,
    1.0141582468039407,
    0.9954696918295941,
    1.012316305242041,
    1.0511644499638064,
    1.0027487333246412,
    0.9678396408347368,
    0.9777515675214172,
    1.0071132278872685,
    1.0368651484765323,
    1.0277470622768023,
    1.0129779514778412,
    0.968355636224254,
    0.9774150027972923,
    0.9891694331258708,
    0.9688218904918033,
    0.7871587987348182,
    1.0298739952785496,
    1.0257737301939878,
    0.9692915762174297,
    1.003095114597355,
    0.9071315171278046,
    1.0167683319158487,
    0.979296880226715,
    0.9710070919893887,
    1.000339295635667,
    1.0549135617418015
  ]
}