{
  "n_problems": 30,
  "bucket_analysis": {
    "0\u20139": {
      "jsd_full_student": {
        "mean": 0.06135953217744827,
        "std": 0.16590125858783722
      },
      "jsd_answer_student": {
        "mean": 0.0006647097179666162,
        "std": 0.002484074328094721
      },
      "jsd_style": {
        "mean": 0.060047175735235214,
        "std": 0.16578292846679688
      },
      "style_fraction": 0.9786120200783507
    },
    "10\u201319": {
      "jsd_full_student": {
        "mean": 0.0331326499581337,
        "std": 0.1105889305472374
      },
      "jsd_answer_student": {
        "mean": 0.003570809029042721,
        "std": 0.03440891206264496
      },
      "jsd_style": {
        "mean": 0.028678560629487038,
        "std": 0.09719881415367126
      },
      "style_fraction": 0.8655679719468611
    },
    "20\u201349": {
      "jsd_full_student": {
        "mean": 0.03809112682938576,
        "std": 0.10976431518793106
      },
      "jsd_answer_student": {
        "mean": 0.004344910848885775,
        "std": 0.03787669911980629
      },
      "jsd_style": {
        "mean": 0.03745894506573677,
        "std": 0.10840656608343124
      },
      "style_fraction": 0.9834034375911063
    },
    "50\u2013149": {
      "jsd_full_student": {
        "mean": 0.04167908430099487,
        "std": 0.1085352823138237
      },
      "jsd_answer_student": {
        "mean": 0.0029778722673654556,
        "std": 0.030890967696905136
      },
      "jsd_style": {
        "mean": 0.04124549403786659,
        "std": 0.10846801102161407
      },
      "style_fraction": 0.9895969340401768
    },
    "150+": {
      "jsd_full_student": {
        "mean": 0.03372492641210556,
        "std": 0.09209370613098145
      },
      "jsd_answer_student": {
        "mean": 0.001580056850798428,
        "std": 0.013672417961061
      },
      "jsd_style": {
        "mean": 0.03261405974626541,
        "std": 0.09005189687013626
      },
      "style_fraction": 0.9670609610154285
    }
  },
  "top_early_divergent_tokens": [
    [
      "\u0120different",
      0.27081596968127997
    ],
    [
      "\u0120can",
      0.21034185105072348
    ],
    [
      "\u0120possible",
      0.1892019818490951
    ],
    [
      "\u0120from",
      0.17340257502655732
    ],
    [
      ".",
      0.16736125833025048
    ],
    [
      "<think>",
      0.16173496267580087
    ],
    [
      "Okay",
      0.1610865792418295
    ],
    [
      ")",
      0.1224884926341474
    ],
    [
      "\u0120A",
      0.11733764690316188
    ],
    [
      "\u0120in",
      0.11150100827244103
    ],
    [
      "\u0120there",
      0.10798866100316218
    ],
    [
      "\u010a",
      0.10119688509214105
    ],
    [
      "\u0120it",
      0.08720522560179234
    ],
    [
      "\u0120so",
      0.07993794841548571
    ],
    [
      "\u0120equal",
      0.07603138707778594
    ],
    [
      "\u0120where",
      0.0742494729347527
    ],
    [
      "\u0120find",
      0.06666658880246246
    ],
    [
      "\u0120the",
      0.06172201339696975
    ],
    [
      "\u0120a",
      0.047545378742075754
    ],
    [
      "\u0120let",
      0.046343165915459394
    ]
  ]
}