{
  "n_problems": 15,
  "n_cross_per_problem": 5,
  "mean_jsd_proper_teacher": 0.045011795684695245,
  "mean_jsd_cross_teacher": 0.03083709679543972,
  "interchangeability_ratio": 0.8807766505996499,
  "per_problem_ratios": [
    0.5246470584595119,
    0.21964893286713671,
    0.773158899496965,
    1.2919798382414174,
    0.3485340291278907,
    0.6317952204717717,
    2.368341636322161,
    0.8208785857906767,
    1.4492551152930873,
    1.128376711959444,
    0.3753990039470312,
    0.4153867686814918,
    0.8067815422230455,
    0.5125042554725942,
    1.544962160640524
  ],
  "per_problem_proper": [
    0.05538302659988403,
    0.07350056618452072,
    0.06550426781177521,
    0.016873575747013092,
    0.05930457264184952,
    0.05544761195778847,
    0.014787742868065834,
    0.03360125422477722,
    0.02708655223250389,
    0.035994675010442734,
    0.07197955250740051,
    0.055254824459552765,
    0.040139004588127136,
    0.042873285710811615,
    0.02744642272591591
  ],
  "per_problem_cross_mean": [
    0.029056541994214057,
    0.01614432092756033,
    0.05064520761370659,
    0.02180031966418028,
    0.02066966164857149,
    0.03503153622150421,
    0.03502242714166641,
    0.027582550048828126,
    0.03925532437860966,
    0.04061555303633213,
    0.027021052315831184,
    0.02295212298631668,
    0.032383408024907114,
    0.02197274137288332,
    0.042403684556484224
  ]
}