{
  "n_problems": 30,
  "n_tokens_total": 7680,
  "jsd_teacher_full_vs_student": {
    "mean": 0.03890901431441307,
    "std": 0.11019091308116913
  },
  "jsd_teacher_answer_vs_student": {
    "mean": 0.0020698076114058495,
    "std": 0.018844783306121826
  },
  "jsd_teacher_full_vs_teacher_answer": {
    "mean": 0.03769033029675484,
    "std": 0.10736919194459915
  },
  "style_fraction": 0.9686786201313047,
  "teacher_lower_entropy_fraction": 0.390625,
  "per_problem_style_fractions": [
    0.9618780767613299,
    0.9237513366048891,
    0.959760481603327,
    1.0289941797170037,
    0.9534069144436056,
    0.9037734592897761,
    0.9317381510884359,
    1.0269145209191055,
    0.9154499922162965,
    0.907774526167031,
    1.0652495686364605,
    0.9629347356394238,
    0.9452145818874669,
    1.0383549824653933,
    0.8859787528111022,
    0.9766443730461809,
    0.9810397530148719,
    0.9835750374897075,
    0.9324385886126972,
    0.8463048208764747,
    1.0235826726676198,
    1.0282711837456244,
    1.0007173752270646,
    0.9581031037841005,
    0.9613649774751538,
    0.9625048195171876,
    1.0263141235307771,
    0.9912174479538713,
    1.0030702192177825,
    0.8923379822296957
  ]
}